<?xml version="1.0" encoding="us-ascii"?>
<sprite>
  <frame delay="70">hero_run_d_00.png</frame>
  <frame delay="70">hero_run_d_01.png</frame>
  <frame delay="70">hero_run_d_02.png</frame>
  <frame delay="70">hero_run_d_03.png</frame>
  <frame delay="70">hero_run_d_04.png</frame>
  <frame delay="80">hero_run_d_05.png</frame>
  <frame delay="80">hero_run_d_06.png</frame>
  <frame delay="80">hero_run_d_07.png</frame>
  <frame delay="80">hero_run_d_08.png</frame>
  <frame delay="80">hero_run_d_09.png</frame>
</sprite>