<?xml version="1.0" encoding="us-ascii"?>
<sprite>
  <frame delay="80">hero_atk_mace_l_0.png</frame>
  <frame delay="60">hero_atk_mace_l_1.png</frame>
  <frame delay="60">hero_atk_mace_l_2.png</frame>
  <frame delay="60">hero_atk_mace_l_3.png</frame>
  <frame delay="150">hero_atk_mace_l_4.png</frame>
  <frame delay="60">hero_atk_mace_l_5.png</frame>
  <frame delay="45">hero_atk_mace_l_6.png</frame>
  <frame delay="60">hero_atk_mace_l_7.png</frame>
  <frame delay="60">hero_atk_mace_l_8.png</frame>
</sprite>