<?xml version="1.0" encoding="us-ascii"?>
<sprite>
  <frame delay="120">hero_vanish_l_0.png</frame>
  <frame delay="400">hero_vanish_l_1.png</frame>
  <frame delay="80">hero_vanish_l_2.png</frame>
  <frame delay="120">hero_vanish_l_3.png</frame>
  <frame delay="40">hero_vanish_l_4.png</frame>
  <frame delay="40">hero_vanish_l_5.png</frame>
  <frame delay="40">hero_vanish_l_6.png</frame>
  <frame delay="30">hero_vanish_l_7.png</frame>
  <frame delay="30">hero_vanish_l_8.png</frame>
</sprite>