<?xml version="1.0" encoding="us-ascii"?>
<sprite>
  <frame delay="80">hero_run_u_00.png</frame>
  <frame delay="80">hero_run_u_01.png</frame>
  <frame delay="80">hero_run_u_02.png</frame>
  <frame delay="100">hero_run_u_03.png</frame>
  <frame delay="80">hero_run_u_04.png</frame>
  <frame delay="80">hero_run_u_05.png</frame>
  <frame delay="80">hero_run_u_06.png</frame>
  <frame delay="80">hero_run_u_07.png</frame>
  <frame delay="80">hero_run_u_08.png</frame>
  <frame delay="100">hero_run_u_09.png</frame>
</sprite>