<?xml version="1.0" encoding="us-ascii"?>
<sprite>
  <frame delay="120">hero_drown_r_00.png</frame>
  <frame delay="120">hero_drown_r_01.png</frame>
  <frame delay="100">hero_drown_r_02.png</frame>
  <frame delay="100">hero_drown_r_03.png</frame>
  <frame delay="100">hero_drown_r_04.png</frame>
  <frame delay="100">hero_drown_r_05.png</frame>
  <frame delay="100">hero_drown_r_06.png</frame>
  <frame delay="100">hero_drown_r_07.png</frame>
  <frame delay="900">hero_drown_r_08.png</frame>
</sprite>