<?xml version="1.0" encoding="us-ascii"?>
<sprite>
  <frame delay="80">hero_poison_l_00.png</frame>
  <frame delay="80">hero_poison_l_01.png</frame>
  <frame delay="80">hero_poison_l_02.png</frame>
  <frame delay="80">hero_poison_l_03.png</frame>
  <frame delay="80">hero_poison_l_04.png</frame>
  <frame delay="80">hero_poison_l_05.png</frame>
  <frame delay="80">hero_poison_l_06.png</frame>
  <frame delay="80">hero_poison_l_07.png</frame>
  <frame delay="80">hero_poison_l_08.png</frame>
  <frame delay="80">hero_poison_l_09.png</frame>
  <frame delay="80">hero_poison_l_10.png</frame>
  <frame delay="80">hero_poison_l_11.png</frame>
  <frame delay="80">hero_poison_l_12.png</frame>
</sprite>