<?xml version="1.0" encoding="us-ascii"?>
<sprite>
  <frame delay="120">hero_vanish_r_0.png</frame>
  <frame delay="400">hero_vanish_r_1.png</frame>
  <frame delay="80">hero_vanish_r_2.png</frame>
  <frame delay="120">hero_vanish_r_3.png</frame>
  <frame delay="40">hero_vanish_r_4.png</frame>
  <frame delay="40">hero_vanish_r_5.png</frame>
  <frame delay="40">hero_vanish_r_6.png</frame>
  <frame delay="30">hero_vanish_r_7.png</frame>
  <frame delay="30">hero_vanish_r_8.png</frame>
</sprite>