<?xml version="1.0" encoding="us-ascii"?>
<sprite>
  <frame delay="80">hero_read_scroll_0.png</frame>
  <frame delay="80">hero_read_scroll_1.png</frame>
  <frame delay="80">hero_read_scroll_2.png</frame>
  <frame delay="400">hero_read_scroll_3.png</frame>
  <frame delay="100">hero_read_scroll_4.png</frame>
  <frame delay="100">hero_read_scroll_5.png</frame>
  <frame delay="100">hero_read_scroll_6.png</frame>
  <frame delay="120">hero_read_scroll_7.png</frame>
  <frame delay="120">hero_read_scroll_8.png</frame>
</sprite>